Loan_ID,Gender,Married,Dependents,Education,Self_Employed,Applicant_Income,Coapplicant_Income,Loan_Amount,Loan_Amount_Term,Credit_Score,Existing_Loans,Savings,Property_Area,Loan_Status
LA100001,Male,No,2,Graduate,No,49900,0,110.0,360.0,599.0,2,377400,Semiurban,0
LA100002,Male,Yes,0,Not Graduate,Yes,76500,54200,100.0,480.0,671.0,0,158200,Urban,1
LA100003,Female,No,1,Graduate,Yes,32900,0,166.0,180.0,588.0,5,110800,Rural,0
LA100004,Male,Yes,2,Not Graduate,No,27900,50900,177.0,360.0,656.0,2,238600,Urban,0
LA100005,Male,Yes,0,Not Graduate,Yes,33800,18000,53.0,360.0,,0,168900,Semiurban,1
LA100006,Female,Yes,0,Graduate,No,50700,24900,169.0,240.0,763.0,0,93500,Urban,1
LA100007,Male,No,3+,Graduate,No,42500,0,71.0,360.0,666.0,0,231500,Semiurban,0
LA100008,Male,Yes,0,Graduate,No,70900,43200,140.0,360.0,686.0,2,63000,Urban,0
LA100009,Male,Yes,0,Graduate,No,98400,60200,239.0,360.0,668.0,1,478100,Urban,1
LA100010,Male,No,0,Not Graduate,No,28100,0,46.0,360.0,580.0,2,142400,Semiurban,1
LA100011,,Yes,0,Graduate,No,32100,69400,152.0,360.0,651.0,0,209500,Urban,1
LA100012,Female,Yes,2,Not Graduate,No,21800,45700,23.0,180.0,656.0,0,245400,Urban,0
LA100013,Male,No,2,Graduate,No,146600,0,163.0,360.0,706.0,0,223800,Rural,1
LA100014,Female,Yes,0,Graduate,No,56800,44200,119.0,480.0,742.0,1,30400,Urban,0
LA100015,Male,Yes,2,Graduate,No,62500,63500,272.0,360.0,682.0,0,204100,Semiurban,1
LA100016,Male,No,0,Graduate,No,23000,0,30.0,360.0,681.0,0,194100,Semiurban,1
LA100017,Male,No,0,Graduate,No,48000,0,84.0,180.0,571.0,2,231600,Urban,0
LA100018,Male,Yes,0,Graduate,No,63500,26600,168.0,360.0,740.0,3,382600,Semiurban,1
LA100019,Female,Yes,3+,Graduate,No,41800,21200,94.0,180.0,648.0,4,147700,Urban,0
LA100020,Male,Yes,0,Not Graduate,No,86700,38700,260.0,360.0,741.0,2,625300,Semiurban,1
LA100021,Male,Yes,0,Graduate,,171200,62800,223.0,480.0,799.0,2,578100,Urban,1
LA100022,Male,Yes,0,Graduate,No,28500,35500,,480.0,686.0,1,5000,Urban,1
LA100023,Female,Yes,2,Graduate,No,27400,36000,88.0,480.0,623.0,0,135500,Urban,1
LA100024,Female,No,0,Graduate,No,29600,0,107.0,360.0,699.0,3,139600,Rural,1
LA100025,Male,No,0,Not Graduate,No,116100,0,313.0,240.0,711.0,0,276500,Semiurban,0
LA100026,Male,Yes,1,Graduate,No,85200,22400,226.0,360.0,676.0,2,245500,Rural,1
LA100027,Male,Yes,0,Graduate,No,44600,29000,184.0,180.0,658.0,1,69300,Semiurban,0
LA100028,Male,Yes,0,Graduate,No,49000,63800,136.0,360.0,742.0,2,300800,Semiurban,1
LA100029,Male,No,0,Graduate,No,30600,0,106.0,360.0,737.0,3,187200,Semiurban,1
LA100030,Male,Yes,0,Graduate,No,78300,27200,65.0,360.0,674.0,4,233100,Rural,0
LA100031,Male,Yes,0,Not Graduate,No,38900,7000,49.0,180.0,561.0,2,53000,Semiurban,0
LA100032,Female,Yes,2,Graduate,No,41600,41800,167.0,360.0,734.0,2,126500,Urban,1
LA100033,Male,Yes,1,Graduate,No,67100,56100,169.0,360.0,642.0,5,219600,Semiurban,0
LA100034,Male,No,1,Graduate,No,43300,0,,360.0,716.0,1,352000,Semiurban,1
LA100035,Male,No,3+,Graduate,No,42200,0,132.0,180.0,711.0,0,159100,Urban,0
LA100036,Male,,0,Not Graduate,No,48300,38600,118.0,240.0,543.0,4,285000,Semiurban,1
LA100037,Male,No,0,Graduate,Yes,74300,0,237.0,360.0,701.0,2,511600,Urban,1
LA100038,Male,No,3+,Graduate,No,118700,0,445.0,180.0,739.0,1,646600,Rural,0
LA100039,Male,Yes,0,Graduate,No,66200,32900,316.0,480.0,748.0,2,148700,Urban,0
LA100040,Male,Yes,1,Graduate,No,74700,27300,203.0,360.0,,1,358300,Rural,1
LA100041,Male,Yes,2,Not Graduate,Yes,43000,29000,66.0,180.0,532.0,2,119300,Semiurban,0
LA100042,Female,No,0,Graduate,No,32500,0,111.0,360.0,796.0,1,109500,Semiurban,0
LA100043,Male,Yes,0,Graduate,Yes,68800,19500,183.0,360.0,726.0,1,614600,Urban,1
LA100044,Male,Yes,0,Graduate,No,52700,20700,163.0,300.0,610.0,0,133900,Rural,0
LA100045,Female,Yes,0,Graduate,No,21900,63600,76.0,360.0,641.0,0,42200,Semiurban,1
LA100046,Female,No,0,Graduate,No,40100,0,,120.0,717.0,1,104900,Urban,0
LA100047,Male,Yes,0,Graduate,No,45900,0,51.0,360.0,751.0,0,65500,Urban,1
LA100048,Male,No,2,Graduate,No,36300,0,49.0,360.0,663.0,1,193800,Urban,0
LA100049,Male,Yes,2,Graduate,Yes,108400,4900,143.0,480.0,757.0,3,640500,Urban,1
LA100050,Male,No,2,Graduate,No,62500,0,209.0,360.0,566.0,1,380800,Semiurban,1
LA100051,Male,Yes,0,Graduate,Yes,102200,45700,128.0,360.0,617.0,2,279900,Rural,1
LA100052,Male,Yes,0,Graduate,No,55500,39000,152.0,300.0,545.0,4,108500,Semiurban,0
LA100053,Male,No,0,Graduate,No,50200,0,177.0,360.0,633.0,0,160200,Semiurban,1
LA100054,Male,No,0,Not Graduate,No,28700,0,41.0,300.0,798.0,3,111200,Semiurban,0
LA100055,Male,Yes,3+,Graduate,No,48300,10800,160.0,360.0,850.0,2,359300,Rural,1
LA100056,Male,Yes,0,Graduate,No,48300,20600,144.0,240.0,718.0,3,262800,Rural,1
LA100057,Male,No,0,Graduate,No,22600,0,56.0,480.0,652.0,0,249800,Urban,1
LA100058,Male,No,2,Graduate,No,35700,0,91.0,360.0,683.0,2,216700,Rural,1
LA100059,Male,Yes,0,Graduate,No,40200,500,95.0,360.0,736.0,1,140700,Semiurban,0
LA100060,Male,,0,Graduate,No,60300,1300,207.0,360.0,583.0,2,392300,Rural,0
LA100061,Male,No,0,Not Graduate,No,61900,0,166.0,180.0,642.0,3,317300,Rural,0
LA100062,Male,No,1,Graduate,No,34900,0,157.0,360.0,808.0,1,202400,Semiurban,1
LA100063,Male,No,2,Graduate,No,62100,0,104.0,300.0,622.0,3,195900,Urban,0
LA100064,Male,Yes,0,Graduate,No,43400,0,138.0,240.0,644.0,0,265300,Semiurban,0
LA100065,Male,Yes,2,Graduate,No,15000,0,20.0,360.0,701.0,4,5000,Urban,1
LA100066,Male,No,2,Graduate,No,36800,0,110.0,360.0,721.0,1,245900,Semiurban,1
LA100067,Male,No,2,Not Graduate,No,86900,0,301.0,360.0,638.0,2,658900,Urban,0
LA100068,Male,No,0,Graduate,No,19000,0,36.0,360.0,706.0,1,221100,Semiurban,1
LA100069,Male,Yes,0,Graduate,Yes,51100,0,167.0,180.0,741.0,3,127600,Rural,0
LA100070,Male,Yes,2,Graduate,No,114800,44600,263.0,180.0,847.0,1,247700,Urban,1
LA100071,Male,No,0,Graduate,Yes,31600,0,105.0,360.0,686.0,0,249100,Semiurban,1
LA100072,Male,Yes,1,Not Graduate,No,48100,49100,60.0,360.0,682.0,1,273200,Semiurban,0
LA100073,Female,No,2,Graduate,No,23400,0,123.0,180.0,815.0,1,152100,Semiurban,1
LA100074,Male,Yes,0,Graduate,,117500,0,389.0,360.0,659.0,1,289500,Urban,0
LA100075,Male,No,2,Graduate,No,45800,0,173.0,360.0,601.0,0,291400,Urban,0
LA100076,Male,No,3+,Graduate,No,49200,0,98.0,360.0,719.0,1,275300,Semiurban,0
LA100077,Male,Yes,1,Graduate,No,101100,35400,208.0,360.0,,1,205800,Semiurban,1
LA100078,Male,Yes,0,Graduate,No,69100,21500,171.0,360.0,727.0,0,14700,Semiurban,1
LA100079,Male,Yes,2,Graduate,No,29700,28900,39.0,360.0,693.0,0,162600,Urban,0
LA100080,Male,Yes,0,Not Graduate,No,33600,5900,70.0,360.0,576.0,1,57900,Semiurban,0
LA100081,Male,Yes,1,Graduate,No,63000,43200,248.0,360.0,696.0,1,428700,Urban,1
LA100082,Male,Yes,2,Graduate,No,34100,0,66.0,180.0,792.0,1,224600,Urban,1
LA100083,Female,No,1,Graduate,No,15000,0,36.0,120.0,607.0,2,68600,Semiurban,0
LA100084,Male,Yes,0,Graduate,No,46600,17000,112.0,360.0,682.0,1,83200,Urban,0
LA100085,Male,Yes,0,Not Graduate,No,21300,0,30.0,300.0,656.0,1,95100,Semiurban,1
LA100086,Male,Yes,0,Graduate,No,116800,61100,405.0,360.0,648.0,0,718500,Rural,1
LA100087,Male,Yes,0,Graduate,No,52900,24500,,360.0,719.0,1,300400,Semiurban,1
LA100088,Male,Yes,0,Not Graduate,No,29200,68000,212.0,360.0,718.0,3,217600,Semiurban,1
LA100089,Male,Yes,1,Graduate,No,32700,52900,172.0,360.0,732.0,1,215500,Urban,0
LA100090,Male,No,0,Graduate,No,17000,0,60.0,360.0,627.0,4,66500,Urban,1
LA100091,Male,Yes,2,Not Graduate,No,26200,24100,119.0,120.0,562.0,2,150000,Urban,0
LA100092,Male,No,2,Graduate,No,83900,0,75.0,360.0,720.0,1,420900,Semiurban,1
LA100093,Male,Yes,0,Graduate,No,163800,59600,256.0,360.0,662.0,0,458900,Rural,1
LA100094,Male,Yes,1,Not Graduate,No,71600,35600,290.0,360.0,823.0,1,103200,Urban,1
LA100095,Male,No,1,Not Graduate,No,45600,0,140.0,360.0,826.0,1,240700,Urban,1
LA100096,Male,No,0,Graduate,Yes,37800,0,94.0,360.0,,2,62600,Urban,1
LA100097,Male,Yes,0,Graduate,No,28400,24900,71.0,360.0,629.0,3,190400,Semiurban,1
LA100098,Male,Yes,2,Graduate,No,149000,54700,337.0,480.0,743.0,2,1155700,Semiurban,1
LA100099,Male,Yes,3+,Not Graduate,No,43300,26100,109.0,360.0,750.0,1,56400,Semiurban,1
LA100100,Female,Yes,1,Graduate,No,153700,17300,517.0,360.0,757.0,1,177000,Rural,1
LA100101,Female,Yes,2,Graduate,Yes,103300,13600,281.0,180.0,668.0,1,600100,Urban,0
LA100102,Male,Yes,3+,Graduate,No,18400,13800,72.0,300.0,796.0,1,16400,Semiurban,1
LA100103,Male,Yes,0,Not Graduate,No,33300,0,96.0,360.0,685.0,1,219100,Semiurban,0
LA100104,Female,Yes,1,Not Graduate,Yes,33200,9500,57.0,360.0,690.0,2,132900,Urban,1
LA100105,Male,No,0,Graduate,No,45900,0,,360.0,585.0,2,149200,Rural,0
LA100106,Male,No,3+,Graduate,No,46400,0,41.0,360.0,748.0,1,220700,Urban,1
LA100107,Male,Yes,0,Not Graduate,No,249400,41500,770.0,300.0,665.0,1,1092700,Semiurban,1
LA100108,Male,Yes,0,Not Graduate,No,26500,0,43.0,360.0,720.0,0,102200,Semiurban,1
LA100109,Male,Yes,2,Graduate,No,54400,38500,151.0,360.0,718.0,1,169900,Rural,1
LA100110,Female,Yes,0,Graduate,No,67400,22500,46.0,360.0,714.0,0,247100,Semiurban,1
LA100111,Male,No,2,Graduate,,48000,0,55.0,360.0,692.0,0,390000,Urban,0
LA100112,Male,No,0,Graduate,Yes,51000,0,151.0,360.0,754.0,5,62300,Rural,1
LA100113,Male,No,3+,Graduate,No,27000,0,162.0,180.0,685.0,0,21500,Semiurban,0
LA100114,Male,No,2,Graduate,No,50900,0,98.0,360.0,591.0,1,117900,Semiurban,1
LA100115,Male,No,0,Graduate,No,63600,0,57.0,480.0,743.0,0,240600,Semiurban,1
LA100116,Female,No,2,Not Graduate,No,57500,0,141.0,360.0,624.0,1,106200,Urban,0
LA100117,Male,Yes,0,Graduate,No,65700,19100,,300.0,601.0,0,357200,Semiurban,1
LA100118,Male,Yes,1,Graduate,No,104400,4700,95.0,480.0,623.0,1,204800,Rural,1
LA100119,Male,Yes,1,Graduate,No,80400,0,213.0,240.0,721.0,0,469800,Urban,1
LA100120,Male,Yes,2,Graduate,No,49900,30900,156.0,360.0,693.0,0,113600,Semiurban,0
LA100121,Male,Yes,0,Graduate,No,25200,61500,53.0,240.0,540.0,2,64400,Rural,1
LA100122,Male,No,0,Graduate,No,34500,0,76.0,360.0,671.0,0,112100,Semiurban,1
LA100123,Male,Yes,1,Graduate,No,42500,0,118.0,360.0,788.0,0,209900,Rural,1
LA100124,Male,Yes,0,Graduate,No,55100,31000,157.0,360.0,666.0,1,509900,Semiurban,0
LA100125,Male,Yes,0,Not Graduate,No,36900,24800,90.0,480.0,673.0,0,55300,Rural,1
LA100126,Male,Yes,0,Graduate,No,28700,45000,41.0,360.0,778.0,2,288300,Urban,1
LA100127,Male,Yes,0,Not Graduate,No,25000,39300,152.0,360.0,745.0,0,66100,Semiurban,1
LA100128,Male,No,2,Not Graduate,No,19400,0,91.0,360.0,762.0,0,154100,Semiurban,1
LA100129,,Yes,0,Not Graduate,No,42200,38000,54.0,360.0,477.0,2,213800,Semiurban,0
LA100130,Male,No,0,Graduate,No,21400,0,101.0,300.0,,3,43400,Rural,0
LA100131,Male,Yes,3+,Graduate,Yes,27700,0,20.0,120.0,743.0,3,138400,Semiurban,0
LA100132,Female,Yes,0,Graduate,No,38700,21900,122.0,360.0,850.0,3,65500,Semiurban,1
LA100133,Male,Yes,1,Graduate,No,23000,35000,107.0,360.0,641.0,1,175800,Semiurban,1
LA100134,Male,No,0,Graduate,No,59100,0,288.0,360.0,568.0,4,194700,Semiurban,0
LA100135,Male,No,2,Not Graduate,No,72100,0,221.0,300.0,686.0,0,521600,Semiurban,0
LA100136,Male,Yes,1,Graduate,No,35500,42800,88.0,360.0,679.0,2,140600,Urban,1
LA100137,Female,No,2,Not Graduate,No,37700,0,165.0,360.0,734.0,2,251800,Semiurban,1
LA100138,Male,Yes,0,Graduate,Yes,64500,6900,93.0,360.0,776.0,0,123400,Rural,1
LA100139,Male,No,0,Graduate,No,32400,0,84.0,360.0,693.0,1,154900,Semiurban,1
LA100140,Male,Yes,2,Graduate,No,31200,48600,143.0,360.0,682.0,0,95900,Semiurban,1
LA100141,Male,Yes,0,Graduate,No,92700,0,87.0,360.0,739.0,2,176100,Semiurban,1
LA100142,Male,No,0,Graduate,No,78100,0,103.0,360.0,681.0,1,62500,Semiurban,1
LA100143,Female,Yes,0,Graduate,No,66800,22400,83.0,360.0,675.0,0,351400,Urban,1
LA100144,Male,Yes,3+,Graduate,No,79900,23900,154.0,,778.0,0,185500,Semiurban,1
LA100145,Male,Yes,1,Graduate,No,16200,0,20.0,360.0,794.0,0,73600,Semiurban,1
LA100146,Male,Yes,1,Graduate,No,101100,22800,360.0,360.0,781.0,1,856100,Urban,1
LA100147,Male,No,1,Not Graduate,No,59600,0,137.0,360.0,672.0,1,211400,Urban,0
LA100148,Male,No,0,Graduate,No,83700,0,244.0,360.0,540.0,1,75400,Semiurban,0
LA100149,Male,No,0,Graduate,No,59400,0,220.0,240.0,689.0,0,62800,Semiurban,1
LA100150,Male,Yes,0,Graduate,No,49300,28000,155.0,360.0,643.0,1,35800,Semiurban,0
LA100151,Female,Yes,1,Graduate,No,41300,11800,77.0,360.0,690.0,1,243100,Urban,1
LA100152,Female,Yes,0,Graduate,No,58700,44800,251.0,360.0,650.0,2,316800,Semiurban,0
LA100153,Male,Yes,2,Graduate,No,40400,0,93.0,360.0,698.0,0,114600,Semiurban,1
LA100154,Male,Yes,2,Not Graduate,No,77400,33600,280.0,300.0,607.0,0,137800,Semiurban,1
LA100155,Male,No,0,Graduate,No,20100,0,,480.0,604.0,0,94200,Semiurban,1
LA100156,Male,No,0,Graduate,No,35600,0,130.0,360.0,792.0,2,58100,Urban,0
LA100157,Male,No,0,Graduate,No,147800,0,349.0,360.0,627.0,1,680100,Rural,1
LA100158,Male,Yes,3+,Graduate,No,34000,19400,151.0,360.0,700.0,1,233300,Urban,1
LA100159,Male,Yes,2,Graduate,No,42100,12000,110.0,360.0,772.0,1,84700,Semiurban,0
LA100160,Male,Yes,3+,Graduate,No,29500,19300,144.0,360.0,769.0,0,181200,Urban,1
LA100161,Male,Yes,0,Graduate,No,57700,38000,76.0,480.0,760.0,0,377600,Semiurban,1
LA100162,Female,Yes,0,Graduate,No,32000,8200,20.0,180.0,723.0,3,161100,Urban,1
LA100163,Male,Yes,0,Graduate,No,43300,42700,144.0,120.0,754.0,1,270000,Rural,1
LA100164,Male,Yes,0,Graduate,No,76600,72900,93.0,360.0,803.0,3,508900,Semiurban,0
LA100165,Male,No,0,Graduate,No,32700,0,152.0,300.0,732.0,2,135000,Semiurban,0
LA100166,Male,Yes,0,Graduate,No,74100,0,74.0,360.0,562.0,2,371000,Urban,1
LA100167,Female,No,3+,Graduate,No,75400,0,208.0,360.0,660.0,1,393400,Urban,0
LA100168,Female,Yes,0,Graduate,No,85700,43100,138.0,240.0,752.0,2,538100,Semiurban,1
LA100169,Male,Yes,0,Graduate,No,51900,24700,235.0,360.0,653.0,1,286400,Semiurban,0
LA100170,Female,Yes,2,Not Graduate,No,250000,45300,519.0,360.0,807.0,1,839600,Semiurban,1
LA100171,,Yes,1,Graduate,Yes,85700,14300,110.0,360.0,690.0,1,547700,Rural,1
LA100172,Male,Yes,2,Graduate,No,57400,44300,100.0,360.0,706.0,0,81300,Semiurban,1
LA100173,Male,Yes,1,Graduate,No,29600,22500,122.0,300.0,784.0,1,5000,Rural,1
LA100174,Female,No,2,Not Graduate,No,45500,0,193.0,360.0,671.0,0,110000,Urban,1
LA100175,Male,Yes,1,Graduate,No,105200,17200,437.0,360.0,713.0,1,276400,Semiurban,1
LA100176,Male,Yes,0,Graduate,No,122900,0,212.0,360.0,767.0,0,634300,Semiurban,1
LA100177,Male,Yes,1,Graduate,No,108200,69800,288.0,360.0,590.0,3,179600,Semiurban,1
LA100178,Female,Yes,0,Not Graduate,Yes,73900,23900,145.0,300.0,659.0,0,364400,Rural,1
LA100179,Female,Yes,0,Graduate,No,24100,40200,73.0,360.0,762.0,0,89400,Semiurban,1
LA100180,Male,Yes,0,Not Graduate,Yes,62700,14200,200.0,360.0,685.0,0,89200,Rural,0
LA100181,Female,No,0,Graduate,No,24300,0,39.0,240.0,810.0,2,54100,Semiurban,1
LA100182,Female,No,2,Not Graduate,Yes,21200,0,61.0,360.0,562.0,1,134900,Urban,0
LA100183,Male,No,0,Graduate,Yes,54700,0,252.0,480.0,568.0,1,378100,Semiurban,0
LA100184,Male,Yes,0,Graduate,No,64000,14500,101.0,360.0,758.0,0,303400,Semiurban,1
LA100185,Male,Yes,0,Graduate,No,78900,6800,124.0,300.0,765.0,1,112200,Rural,1
LA100186,Male,No,2,Graduate,No,63100,0,94.0,360.0,686.0,0,137000,Rural,1
LA100187,Male,Yes,0,Graduate,No,64300,37000,88.0,300.0,730.0,1,106000,Urban,1
LA100188,Male,Yes,1,Graduate,Yes,27900,62100,86.0,360.0,751.0,0,5000,Urban,1
LA100189,Male,Yes,2,Graduate,No,45300,33800,154.0,360.0,639.0,1,387700,Urban,0
LA100190,Male,No,0,Graduate,No,21000,0,47.0,300.0,647.0,0,34000,Semiurban,1
LA100191,Female,Yes,2,Graduate,No,15900,41800,116.0,360.0,714.0,1,86000,Urban,0
LA100192,Male,No,0,Not Graduate,No,72100,0,228.0,480.0,753.0,0,548700,Semiurban,1
LA100193,Male,No,0,Graduate,Yes,31700,0,148.0,300.0,608.0,1,216000,Semiurban,0
LA100194,Female,Yes,1,Graduate,No,77600,2200,223.0,360.0,685.0,3,276100,Rural,1
LA100195,Male,No,2,Graduate,No,88300,0,90.0,360.0,682.0,1,470100,Urban,1
LA100196,Male,Yes,0,Not Graduate,Yes,34100,43500,84.0,360.0,711.0,0,244000,Semiurban,1
LA100197,Male,Yes,0,Graduate,No,66400,32400,170.0,240.0,699.0,1,22500,Urban,1
LA100198,Female,Yes,0,Graduate,No,33400,27700,145.0,300.0,659.0,4,136600,Rural,1
LA100199,Male,No,0,Not Graduate,No,17400,0,89.0,240.0,779.0,4,150800,Urban,0
LA100200,Male,Yes,1,Not Graduate,No,51400,71200,180.0,360.0,645.0,1,312800,Urban,0
LA100201,Male,Yes,1,Graduate,No,37000,6300,111.0,480.0,678.0,1,346600,Urban,1
LA100202,Female,Yes,1,Graduate,No,37700,71100,141.0,360.0,581.0,1,82400,Rural,0
LA100203,Male,Yes,,Graduate,No,142300,0,197.0,120.0,646.0,1,1006100,Urban,1
LA100204,Male,Yes,1,Graduate,Yes,20700,8100,148.0,300.0,734.0,1,104000,Semiurban,1
LA100205,Male,Yes,1,Graduate,Yes,59300,0,117.0,240.0,719.0,0,296500,Semiurban,0
LA100206,Male,Yes,1,Graduate,No,27800,34000,68.0,480.0,745.0,0,190100,Semiurban,1
LA100207,Male,No,0,Graduate,No,79100,0,137.0,,741.0,1,149100,Urban,1
LA100208,Male,Yes,0,Graduate,No,56600,2400,79.0,300.0,,1,131000,Urban,1
LA100209,Male,No,0,Graduate,No,59100,0,108.0,360.0,644.0,1,321000,Semiurban,0
LA100210,Male,Yes,0,Graduate,No,28500,43100,127.0,360.0,579.0,3,217900,Urban,0
LA100211,Male,No,0,Not Graduate,No,31500,0,59.0,300.0,606.0,1,56400,Semiurban,1
LA100212,Male,Yes,0,Not Graduate,No,79900,65900,272.0,360.0,632.0,0,518200,Urban,0
LA100213,Male,Yes,1,Graduate,No,127100,10900,238.0,180.0,627.0,4,402400,Semiurban,0
LA100214,Female,No,0,Graduate,No,62500,0,90.0,120.0,707.0,1,161400,Urban,0
LA100215,Male,Yes,2,Graduate,No,29300,0,20.0,180.0,794.0,0,151800,Semiurban,1
LA100216,Male,Yes,0,Graduate,No,57800,18600,103.0,360.0,815.0,0,367900,Urban,1
LA100217,Male,No,2,Graduate,No,182400,0,125.0,480.0,738.0,1,256300,Semiurban,1
LA100218,Male,No,0,Not Graduate,No,50800,0,91.0,360.0,846.0,0,191400,Urban,1
LA100219,Female,Yes,0,Not Graduate,No,107300,48400,419.0,360.0,658.0,1,143600,Rural,1
LA100220,Male,Yes,1,Not Graduate,No,31900,47800,124.0,360.0,563.0,1,238700,Semiurban,0
LA100221,Male,No,3+,Not Graduate,Yes,46900,0,156.0,360.0,759.0,0,283000,Urban,0
LA100222,Male,No,0,Not Graduate,No,67500,0,107.0,480.0,547.0,3,197900,Urban,1
LA100223,Male,No,0,Graduate,No,59700,0,182.0,360.0,643.0,0,172300,Urban,0
LA100224,Female,Yes,1,Not Graduate,No,31500,18900,112.0,480.0,724.0,2,87400,Urban,0
LA100225,Male,No,1,Graduate,No,30800,0,56.0,360.0,692.0,1,103700,Urban,0
LA100226,Female,Yes,0,Graduate,No,82700,13700,132.0,360.0,686.0,0,597100,Rural,1
LA100227,Male,No,0,Graduate,No,92400,0,235.0,300.0,611.0,1,473800,Semiurban,0
LA100228,Male,Yes,0,Graduate,Yes,110300,32800,439.0,360.0,694.0,2,363600,Urban,0
LA100229,Male,No,3+,Graduate,Yes,129500,0,294.0,360.0,770.0,0,736300,Semiurban,1
LA100230,Male,Yes,0,Graduate,No,51700,20200,45.0,480.0,701.0,3,222400,Urban,1
LA100231,Male,Yes,0,Graduate,No,40400,79800,256.0,360.0,638.0,2,73200,Rural,0
LA100232,Male,No,3+,Graduate,No,100900,0,170.0,360.0,606.0,3,89800,Urban,1
LA100233,Female,Yes,0,Not Graduate,Yes,71100,10100,249.0,480.0,619.0,1,239300,Semiurban,1
LA100234,Male,No,0,Graduate,No,28000,0,95.0,360.0,729.0,1,105000,Semiurban,1
LA100235,Female,Yes,0,Graduate,No,27200,21300,92.0,360.0,726.0,0,93300,Urban,1
LA100236,Female,Yes,0,Graduate,No,62900,29200,228.0,180.0,640.0,1,312200,Urban,1
LA100237,Male,Yes,0,Graduate,No,43500,10600,77.0,240.0,534.0,2,64400,Semiurban,0
LA100238,Male,Yes,0,Graduate,No,47300,35700,174.0,180.0,732.0,1,249200,Rural,1
LA100239,Male,Yes,2,Not Graduate,No,86600,57900,314.0,180.0,618.0,1,39800,Semiurban,1
LA100240,Male,Yes,1,Graduate,No,72900,0,269.0,480.0,752.0,1,299300,Semiurban,0
LA100241,Female,Yes,0,Graduate,No,99700,1200,156.0,300.0,643.0,0,80800,Semiurban,1
LA100242,Male,No,0,Graduate,No,16600,0,20.0,360.0,626.0,1,5000,Rural,1
LA100243,Male,No,0,Graduate,No,55200,0,78.0,360.0,711.0,0,5000,Semiurban,1
LA100244,Male,No,3+,Not Graduate,No,70300,0,106.0,360.0,850.0,1,304400,Semiurban,1
LA100245,Male,Yes,0,Graduate,Yes,20700,48000,124.0,300.0,751.0,1,140900,Semiurban,0
LA100246,Female,Yes,1,Not Graduate,No,33500,46800,191.0,360.0,695.0,4,46200,Urban,0
LA100247,Male,Yes,0,Graduate,No,30200,20200,118.0,360.0,727.0,3,192500,Rural,1
LA100248,Male,No,1,Not Graduate,No,48600,0,163.0,360.0,554.0,1,212500,Urban,0
LA100249,Male,No,0,Graduate,No,117500,0,172.0,240.0,616.0,1,510800,Urban,0
LA100250,Male,Yes,2,Not Graduate,No,146000,43200,364.0,360.0,497.0,2,831000,Rural,1
LA100251,Male,No,0,Not Graduate,No,30700,0,85.0,180.0,815.0,1,139700,Urban,1
LA100252,Female,Yes,2,Graduate,No,64100,54300,228.0,360.0,815.0,0,362000,Urban,1
LA100253,Male,Yes,0,Not Graduate,No,65300,21400,104.0,360.0,714.0,0,393600,Urban,0
LA100254,Male,Yes,2,Graduate,No,59400,22900,146.0,300.0,710.0,3,262000,Semiurban,0
LA100255,Male,Yes,2,Graduate,Yes,59800,29700,121.0,360.0,579.0,3,193500,Rural,0
LA100256,Male,No,3+,Not Graduate,No,56700,0,153.0,240.0,669.0,2,337900,Urban,0
LA100257,Female,No,0,Graduate,Yes,121400,0,87.0,480.0,829.0,1,173800,Urban,1
LA100258,Male,Yes,0,Graduate,Yes,88000,42200,153.0,360.0,705.0,0,313700,Semiurban,1
LA100259,Male,Yes,0,Graduate,No,26800,25500,20.0,360.0,658.0,2,5000,Rural,0
LA100260,Male,No,0,Graduate,No,74400,0,211.0,360.0,568.0,1,163000,Urban,1
LA100261,Male,No,1,Not Graduate,,78400,0,193.0,240.0,789.0,1,407100,Rural,0
LA100262,Female,Yes,3+,Graduate,No,57100,23000,78.0,360.0,695.0,0,430700,Rural,0
LA100263,Male,Yes,3+,Graduate,No,89400,57800,140.0,360.0,568.0,3,81000,Urban,0
LA100264,Male,Yes,0,Graduate,No,53200,62800,283.0,120.0,631.0,1,288100,Rural,0
LA100265,Female,Yes,1,Graduate,No,53600,33800,117.0,360.0,604.0,0,297600,Semiurban,1
LA100266,,No,2,Not Graduate,No,51300,0,,180.0,675.0,2,417500,Semiurban,1
LA100267,Male,Yes,3+,Not Graduate,No,15800,25100,60.0,360.0,701.0,0,5000,Semiurban,1
LA100268,,No,0,Graduate,No,45900,0,136.0,360.0,662.0,0,9000,Rural,0
LA100269,,Yes,0,Graduate,No,33200,16100,171.0,180.0,758.0,0,38600,Semiurban,1
LA100270,Male,Yes,2,Graduate,Yes,25000,14700,20.0,360.0,701.0,0,174900,Semiurban,0
LA100271,Male,No,0,Graduate,No,105600,0,255.0,300.0,780.0,0,298800,Rural,1
LA100272,Male,Yes,0,Graduate,No,63300,0,92.0,360.0,673.0,1,465800,Semiurban,1
LA100273,Male,Yes,3+,Graduate,No,47200,54300,175.0,360.0,850.0,2,325100,Rural,1
LA100274,Male,No,3+,Graduate,No,35200,0,83.0,480.0,658.0,2,189800,Rural,1
LA100275,Male,No,2,Graduate,No,56500,0,25.0,360.0,632.0,1,186900,Urban,1
LA100276,Male,Yes,2,Graduate,No,82800,0,292.0,360.0,623.0,0,464600,Urban,1
LA100277,Male,Yes,0,Graduate,No,30500,21500,127.0,360.0,684.0,0,285200,Semiurban,1
LA100278,Male,Yes,0,Not Graduate,Yes,47900,64800,144.0,,551.0,2,7200,Rural,0
LA100279,Female,Yes,0,Graduate,Yes,77400,72100,384.0,300.0,717.0,1,277100,Urban,0
LA100280,Female,Yes,0,Graduate,No,16600,0,20.0,360.0,557.0,2,64000,Semiurban,0
LA100281,Male,Yes,0,Not Graduate,No,46500,18200,114.0,180.0,697.0,2,111400,Urban,1
LA100282,Male,No,1,Not Graduate,No,37900,0,207.0,480.0,584.0,2,299100,Urban,0
LA100283,Male,No,0,Graduate,No,44600,0,70.0,480.0,671.0,1,336000,Semiurban,1
LA100284,Male,No,1,Graduate,No,36400,0,96.0,360.0,745.0,1,89300,Urban,1
LA100285,Male,No,0,Graduate,No,51800,0,169.0,360.0,850.0,0,265300,Rural,1
LA100286,Male,No,0,Graduate,No,138300,0,178.0,360.0,619.0,0,301200,Urban,1
LA100287,Male,No,0,Graduate,No,40200,0,93.0,300.0,689.0,0,127600,Rural,1
LA100288,Male,No,0,Graduate,No,56400,0,103.0,360.0,646.0,0,55000,Urban,1
LA100289,Male,Yes,2,Graduate,No,143800,38000,445.0,360.0,635.0,4,718000,Rural,0
LA100290,Male,Yes,0,Graduate,No,35500,40700,41.0,360.0,646.0,0,189600,Semiurban,1
LA100291,Female,Yes,0,Not Graduate,No,130200,0,201.0,240.0,747.0,1,890900,Urban,1
LA100292,Male,Yes,2,Graduate,No,48100,24500,218.0,360.0,663.0,3,263400,Urban,0
LA100293,Female,Yes,0,Not Graduate,No,127900,71800,258.0,180.0,850.0,1,224300,Urban,1
LA100294,Male,Yes,0,Not Graduate,No,72500,55200,181.0,360.0,,0,436400,Semiurban,1
LA100295,Female,Yes,0,Not Graduate,No,56800,0,199.0,180.0,609.0,0,33900,Rural,0
LA100296,Female,Yes,0,Graduate,No,46300,19100,143.0,240.0,672.0,0,139600,Semiurban,0
LA100297,Female,Yes,1,Not Graduate,No,34100,0,27.0,120.0,625.0,1,136400,Semiurban,0
LA100298,Female,No,0,Graduate,No,50000,0,204.0,360.0,760.0,0,120800,Semiurban,1
LA100299,Male,No,0,Graduate,No,78600,0,287.0,360.0,577.0,3,140500,Semiurban,1
LA100300,Male,Yes,0,Not Graduate,No,47700,9100,76.0,360.0,584.0,2,162300,Semiurban,0
LA100301,Male,Yes,1,Graduate,No,40300,26800,133.0,360.0,656.0,1,54000,Semiurban,0
LA100302,Male,Yes,0,Graduate,No,41800,0,195.0,360.0,751.0,1,238800,Semiurban,1
LA100303,Male,No,2,Graduate,No,82900,0,225.0,240.0,792.0,1,247600,Rural,1
LA100304,Male,No,0,Not Graduate,No,94200,0,294.0,180.0,789.0,1,374900,Urban,0
LA100305,Female,Yes,1,Graduate,No,33300,44600,151.0,360.0,740.0,0,252100,Urban,1
LA100306,Male,No,0,Graduate,No,33200,0,140.0,360.0,694.0,2,115600,Urban,0
LA100307,Male,Yes,0,Not Graduate,No,59100,17600,149.0,360.0,745.0,0,214900,Semiurban,1
LA100308,Male,Yes,0,Graduate,No,111200,48200,461.0,300.0,614.0,2,873700,Urban,0
LA100309,Male,No,2,Graduate,No,90200,0,325.0,360.0,562.0,1,232900,Rural,1
LA100310,Male,Yes,2,Graduate,No,24100,31000,72.0,180.0,733.0,1,107900,Semiurban,1
LA100311,Male,,0,Not Graduate,Yes,41500,27500,162.0,360.0,605.0,0,256500,Semiurban,1
LA100312,Male,Yes,0,Graduate,No,28800,63700,84.0,240.0,695.0,1,24900,Semiurban,0
LA100313,Male,Yes,2,Graduate,Yes,41400,20900,75.0,360.0,704.0,2,220400,Urban,1
LA100314,Male,No,0,Graduate,Yes,116000,0,291.0,360.0,714.0,3,22200,Rural,1
LA100315,Male,No,0,Not Graduate,Yes,22000,0,78.0,360.0,750.0,0,138200,Urban,1
LA100316,Male,Yes,0,Graduate,No,19700,0,84.0,180.0,762.0,0,87100,Semiurban,1
LA100317,Male,Yes,1,Graduate,No,30400,21100,110.0,360.0,715.0,1,217200,Rural,0
LA100318,Male,No,1,Not Graduate,No,56200,0,219.0,240.0,652.0,0,80900,Semiurban,1
LA100319,Male,Yes,1,Graduate,No,67500,22900,131.0,360.0,708.0,1,173700,Rural,0
LA100320,Female,No,3+,Graduate,No,61100,0,161.0,180.0,655.0,3,398400,Semiurban,0
LA100321,Female,No,0,Graduate,No,91600,0,127.0,180.0,685.0,2,428700,Rural,1
LA100322,Male,Yes,0,Not Graduate,Yes,18200,9500,48.0,360.0,850.0,2,14300,Semiurban,1
LA100323,Male,No,0,Graduate,No,92300,0,42.0,180.0,,0,147600,Semiurban,1
LA100324,Male,Yes,0,Graduate,No,40400,58800,130.0,300.0,734.0,1,257200,Urban,1
LA100325,Female,Yes,0,Graduate,No,71800,7700,150.0,360.0,647.0,2,309800,Urban,0
LA100326,Male,Yes,0,Graduate,No,23200,29200,110.0,360.0,777.0,1,24100,Semiurban,1
LA100327,Female,Yes,0,Not Graduate,No,48100,21800,81.0,360.0,742.0,0,379600,Urban,1
LA100328,Male,No,1,Graduate,No,54700,0,73.0,360.0,,4,96800,Semiurban,0
LA100329,Male,No,0,Graduate,No,90600,0,20.0,360.0,716.0,1,108400,Rural,0
LA100330,Male,No,0,Not Graduate,No,20100,0,34.0,360.0,763.0,0,34000,Rural,1
LA100331,Male,No,1,Graduate,No,48800,0,137.0,240.0,795.0,1,289800,Urban,1
LA100332,Male,Yes,1,Graduate,No,26400,48600,162.0,360.0,721.0,1,27300,Rural,1
LA100333,Male,Yes,2,Graduate,,63400,12300,170.0,180.0,691.0,3,346100,Urban,1
LA100334,Female,No,2,Graduate,No,73600,0,165.0,360.0,767.0,2,72600,Semiurban,1
LA100335,Male,No,1,Graduate,No,97400,0,154.0,360.0,632.0,1,181700,Rural,1
LA100336,Male,Yes,0,Graduate,No,35800,47900,178.0,360.0,646.0,2,250100,Urban,1
LA100337,Male,Yes,0,Graduate,No,79900,30600,162.0,360.0,696.0,1,199500,Urban,1
LA100338,Male,Yes,1,Graduate,No,101500,42700,105.0,,569.0,2,5000,Urban,0
LA100339,Male,Yes,0,Graduate,No,19400,19700,44.0,360.0,762.0,2,128900,Semiurban,1
LA100340,Female,No,,Graduate,No,67200,0,142.0,360.0,628.0,0,223300,Rural,1
LA100341,Male,Yes,0,Graduate,Yes,81300,11400,177.0,360.0,660.0,0,241300,Urban,1
LA100342,Female,No,0,Not Graduate,No,41600,0,30.0,360.0,669.0,1,274200,Urban,0
LA100343,Female,No,0,Graduate,Yes,24700,0,92.0,240.0,698.0,2,76500,Semiurban,1
LA100344,Male,No,0,Graduate,No,80600,0,129.0,360.0,674.0,0,437300,Urban,1
LA100345,Male,Yes,2,Graduate,No,24800,19100,42.0,360.0,695.0,1,126100,Semiurban,1
LA100346,Male,Yes,3+,Not Graduate,No,43500,26500,92.0,240.0,681.0,1,5000,Rural,0
LA100347,Female,No,0,Graduate,No,47000,0,112.0,480.0,666.0,1,232200,Semiurban,1
LA100348,Male,No,3+,Graduate,Yes,71100,0,230.0,360.0,637.0,0,264500,Rural,0
LA100349,Male,Yes,0,Graduate,No,34000,19400,138.0,360.0,781.0,1,274500,Semiurban,1
LA100350,Male,No,3+,Graduate,,32900,0,32.0,480.0,542.0,1,264800,Rural,1
LA100351,Male,Yes,3+,Graduate,Yes,50700,45700,218.0,360.0,680.0,1,397500,Urban,0
LA100352,Male,No,0,Graduate,No,83500,0,269.0,480.0,665.0,0,167000,Urban,1
LA100353,Male,Yes,2,Not Graduate,No,168900,23200,540.0,360.0,716.0,0,416000,Semiurban,1
LA100354,Male,Yes,3+,Graduate,,20900,26200,54.0,360.0,591.0,1,193000,Urban,0
LA100355,Male,Yes,2,Not Graduate,No,57100,45000,174.0,300.0,648.0,1,196200,Rural,1
LA100356,Male,Yes,3+,Not Graduate,No,26400,23800,56.0,180.0,677.0,2,258500,Semiurban,0
LA100357,Male,Yes,0,Not Graduate,No,84100,65800,327.0,360.0,765.0,1,571600,Rural,1
LA100358,Male,Yes,0,Graduate,Yes,28600,22600,101.0,120.0,720.0,0,5000,Urban,1
LA100359,Male,Yes,2,Graduate,No,33100,20800,123.0,180.0,611.0,0,61400,Semiurban,0
LA100360,Male,No,1,Graduate,No,34700,0,53.0,360.0,663.0,1,151200,Semiurban,1
LA100361,Female,Yes,1,Graduate,No,46000,0,92.0,360.0,766.0,2,273200,Urban,1
LA100362,Male,No,0,Not Graduate,No,57300,0,33.0,240.0,595.0,1,166700,Semiurban,1
LA100363,Male,No,0,Graduate,Yes,62600,0,162.0,360.0,689.0,0,281900,Semiurban,0
LA100364,Male,Yes,0,Graduate,No,47800,51000,155.0,480.0,699.0,1,367300,Rural,1
LA100365,Male,Yes,1,Graduate,Yes,23100,25300,168.0,360.0,666.0,2,109800,Semiurban,0
LA100366,Male,No,0,Not Graduate,No,71600,0,191.0,360.0,850.0,0,132800,Urban,1
LA100367,Male,No,1,Graduate,Yes,46600,0,110.0,360.0,664.0,0,270600,Semiurban,1
LA100368,Male,Yes,2,Graduate,No,90900,60100,306.0,300.0,734.0,1,601900,Semiurban,1
LA100369,Male,No,0,Not Graduate,No,32500,0,33.0,360.0,628.0,5,234300,Urban,0
LA100370,Female,Yes,0,Not Graduate,No,19900,7200,57.0,480.0,725.0,1,18600,Semiurban,0
LA100371,Male,Yes,0,Graduate,No,47100,15100,156.0,360.0,765.0,1,339200,Urban,1
LA100372,Male,No,3+,Not Graduate,No,97900,0,52.0,360.0,641.0,1,568100,Urban,1
LA100373,Male,Yes,1,Not Graduate,No,52400,31300,101.0,480.0,681.0,1,212700,Semiurban,1
LA100374,Male,No,0,Graduate,No,43000,0,61.0,300.0,633.0,1,132000,Urban,1
LA100375,Male,Yes,0,Graduate,No,29700,41800,91.0,360.0,614.0,1,5000,Semiurban,1
LA100376,Male,No,0,Graduate,No,126200,0,346.0,360.0,778.0,0,503800,Urban,1
LA100377,Female,Yes,0,Graduate,No,27200,13400,35.0,120.0,658.0,1,5000,Semiurban,1
LA100378,Male,Yes,3+,Graduate,No,32200,30800,131.0,360.0,519.0,2,20200,Urban,0
LA100379,Male,Yes,1,Graduate,No,65700,46400,71.0,360.0,832.0,2,506800,Rural,1
LA100380,Male,Yes,0,Graduate,No,17300,500,37.0,360.0,640.0,0,19600,Urban,0
LA100381,Male,No,2,Graduate,,96800,0,153.0,300.0,682.0,1,716300,Semiurban,0
LA100382,Female,Yes,0,Graduate,No,67700,1500,57.0,360.0,823.0,3,237000,Urban,1
LA100383,Male,Yes,2,Graduate,No,78700,4400,310.0,240.0,,1,507900,Urban,0
LA100384,Male,Yes,0,Graduate,No,65200,13600,165.0,360.0,688.0,1,186300,Semiurban,0
LA100385,,Yes,1,Graduate,Yes,43900,36500,90.0,180.0,603.0,1,228600,Rural,0
LA100386,Female,No,3+,Graduate,No,26700,0,81.0,360.0,577.0,1,157700,Rural,0
LA100387,Male,Yes,0,Graduate,No,44400,11700,70.0,360.0,688.0,0,368600,Urban,1
LA100388,Female,No,1,Graduate,No,28100,0,107.0,360.0,727.0,2,41700,Urban,0
LA100389,,Yes,3+,Not Graduate,No,62700,800,187.0,,708.0,1,53500,Semiurban,1
LA100390,Female,No,0,Graduate,No,74800,0,149.0,300.0,664.0,4,539500,Semiurban,0
LA100391,Male,Yes,0,Not Graduate,No,108100,50900,344.0,360.0,687.0,0,129600,Urban,0
LA100392,Male,Yes,1,Graduate,No,58900,24300,161.0,360.0,562.0,3,278800,Semiurban,0
LA100393,Male,No,0,Graduate,No,79800,0,286.0,360.0,735.0,1,34000,Semiurban,1
LA100394,Male,No,0,Not Graduate,No,40800,0,83.0,240.0,697.0,0,46700,Semiurban,0
LA100395,Male,No,0,Not Graduate,No,36900,0,88.0,360.0,833.0,0,280900,Urban,1
LA100396,Male,Yes,2,Graduate,Yes,62300,37800,286.0,360.0,696.0,2,269200,Semiurban,1
LA100397,Female,Yes,0,Graduate,Yes,38800,94200,183.0,360.0,624.0,2,186000,Urban,0
LA100398,Male,No,0,Graduate,Yes,55700,0,69.0,360.0,691.0,1,173200,Semiurban,1
LA100399,Male,,2,Graduate,Yes,26800,23400,131.0,180.0,670.0,1,212400,Urban,0
LA100400,Male,No,0,Graduate,No,29600,0,97.0,480.0,733.0,1,270100,Semiurban,1
LA100401,Male,Yes,2,Not Graduate,No,68100,62200,173.0,360.0,687.0,0,207100,Semiurban,0
LA100402,Female,Yes,0,Graduate,No,78200,47400,314.0,360.0,606.0,1,283200,Semiurban,1
LA100403,Male,No,3+,Graduate,No,27900,0,61.0,360.0,577.0,2,64500,Urban,0
LA100404,Male,No,1,Graduate,No,69400,0,163.0,300.0,720.0,0,419900,Urban,1
LA100405,Female,Yes,0,Graduate,Yes,35800,82600,173.0,360.0,799.0,1,179700,Semiurban,1
LA100406,Female,Yes,2,Graduate,No,48400,39700,265.0,180.0,706.0,1,295200,Semiurban,0
LA100407,Male,Yes,0,Graduate,No,104600,600,286.0,360.0,761.0,3,313300,Rural,1
LA100408,Female,Yes,0,Graduate,No,74800,32200,191.0,480.0,776.0,1,396600,Urban,1
LA100409,Male,Yes,0,Graduate,No,74400,0,28.0,480.0,720.0,0,476500,Rural,1
LA100410,Female,Yes,1,Graduate,No,137100,53100,349.0,480.0,639.0,0,633100,Urban,0
LA100411,Male,No,0,Graduate,No,32600,0,87.0,360.0,,0,148800,Urban,1
LA100412,Male,No,0,Not Graduate,No,27900,0,38.0,300.0,776.0,1,5000,Urban,1
LA100413,Male,Yes,0,Graduate,No,32300,7100,56.0,480.0,740.0,1,151900,Semiurban,0
LA100414,Female,Yes,0,Graduate,Yes,41700,14000,185.0,480.0,751.0,1,111300,Urban,0
LA100415,Male,Yes,0,Graduate,No,15000,58700,66.0,360.0,665.0,1,116900,Urban,1
LA100416,Male,Yes,0,Graduate,No,42800,28300,139.0,360.0,685.0,4,169200,Semiurban,0
LA100417,Male,Yes,0,Graduate,No,35600,13700,48.0,180.0,691.0,2,112100,Semiurban,1
LA100418,Male,Yes,0,Graduate,,73900,800,208.0,360.0,696.0,1,186500,Urban,1
LA100419,Male,No,1,Graduate,No,58300,0,69.0,360.0,788.0,2,263800,Urban,1
LA100420,Female,Yes,0,Not Graduate,Yes,34500,0,20.0,360.0,504.0,1,300300,Semiurban,1
LA100421,Male,Yes,1,Graduate,No,66400,28500,196.0,360.0,702.0,0,272600,Urban,1
LA100422,Male,Yes,0,Graduate,No,71400,47600,295.0,360.0,694.0,2,213900,Urban,1
LA100423,Male,No,0,Graduate,No,31500,0,47.0,120.0,597.0,3,120000,Semiurban,0
LA100424,Male,Yes,0,Not Graduate,No,36600,60600,172.0,480.0,735.0,2,301200,Urban,1
LA100425,Male,Yes,0,Not Graduate,No,15000,10200,87.0,300.0,631.0,0,112800,Semiurban,1
LA100426,Female,No,0,Graduate,No,26300,0,23.0,240.0,673.0,1,43400,Urban,0
LA100427,Male,Yes,2,Graduate,Yes,31900,2200,94.0,120.0,834.0,1,249400,Urban,1
LA100428,Female,Yes,0,Graduate,No,50000,47800,252.0,360.0,776.0,0,292000,Urban,1
LA100429,Male,No,0,Not Graduate,No,28500,0,88.0,360.0,728.0,1,224600,Urban,0
LA100430,Female,Yes,1,Graduate,No,36200,0,66.0,180.0,729.0,2,145800,Urban,0
LA100431,Female,Yes,0,Graduate,No,24500,18400,20.0,240.0,688.0,0,87500,Urban,1
LA100432,Male,Yes,0,Graduate,Yes,52700,53800,207.0,360.0,845.0,1,249500,Rural,1
LA100433,Male,Yes,,Graduate,No,60700,0,150.0,240.0,760.0,1,100200,Rural,1
LA100434,Female,No,0,Not Graduate,No,59900,0,191.0,360.0,629.0,0,78200,Urban,0
LA100435,Male,Yes,0,Graduate,No,48300,52900,101.0,180.0,595.0,1,161700,Semiurban,1
LA100436,Male,Yes,2,Graduate,No,20600,27700,53.0,360.0,743.0,0,5000,Semiurban,1
LA100437,Male,Yes,3+,Graduate,No,34100,38100,114.0,360.0,696.0,1,176900,Rural,1
LA100438,Male,Yes,0,Graduate,No,38400,64700,164.0,360.0,593.0,2,301500,Urban,1
LA100439,Male,Yes,1,Graduate,No,38500,68900,292.0,360.0,732.0,1,326500,Urban,1
LA100440,Male,Yes,2,Graduate,No,50000,24600,206.0,240.0,680.0,2,47300,Urban,1
LA100441,Female,No,0,Not Graduate,No,105100,0,75.0,300.0,725.0,1,105900,Urban,1
LA100442,Male,Yes,2,Graduate,No,75000,5800,182.0,,733.0,1,442400,Urban,1
LA100443,Male,Yes,1,Graduate,No,27900,47500,39.0,180.0,654.0,2,95500,Rural,0
LA100444,Male,Yes,3+,Graduate,No,69700,0,151.0,480.0,747.0,0,118100,Rural,0
LA100445,Male,Yes,3+,Graduate,No,68300,20400,84.0,300.0,663.0,2,439800,Urban,1
LA100446,Male,Yes,0,Graduate,No,30800,28300,110.0,360.0,668.0,1,7000,Semiurban,1
LA100447,Female,Yes,,Graduate,No,76600,14900,106.0,240.0,660.0,0,88300,Semiurban,1
LA100448,Male,Yes,0,Graduate,No,43900,32200,118.0,360.0,785.0,1,251100,Semiurban,1
LA100449,Male,No,0,Graduate,No,22100,0,112.0,480.0,679.0,3,102100,Semiurban,0
LA100450,Male,No,0,Graduate,No,61700,0,202.0,360.0,803.0,1,227900,Urban,0
LA100451,Male,Yes,3+,Graduate,No,54100,16400,100.0,360.0,834.0,0,359000,Rural,1
LA100452,Female,Yes,0,Graduate,No,42400,48300,181.0,360.0,645.0,5,277100,Rural,1
LA100453,Male,Yes,0,Not Graduate,No,47000,31300,210.0,360.0,466.0,3,22100,Semiurban,0
LA100454,Male,Yes,2,Graduate,No,32300,57700,53.0,360.0,778.0,0,137600,Semiurban,1
LA100455,Male,Yes,0,Graduate,No,67100,29600,162.0,360.0,674.0,2,110100,Semiurban,0
LA100456,Male,No,0,Not Graduate,No,46900,0,132.0,120.0,620.0,3,166400,Urban,0
LA100457,Female,No,3+,Graduate,No,52600,0,120.0,360.0,656.0,1,185700,Urban,1
LA100458,Male,No,0,Graduate,No,58400,0,179.0,300.0,669.0,0,223400,Semiurban,1
LA100459,Male,Yes,0,Graduate,Yes,25400,0,38.0,180.0,792.0,0,61800,Urban,0
LA100460,Male,No,0,Graduate,No,29400,0,20.0,360.0,712.0,0,149400,Rural,0
LA100461,Male,Yes,3+,Graduate,No,15000,0,43.0,120.0,796.0,0,102000,Semiurban,1
LA100462,Male,Yes,0,Graduate,Yes,65500,53600,139.0,360.0,732.0,1,506400,Semiurban,0
LA100463,Female,Yes,0,Graduate,Yes,24600,26700,59.0,480.0,672.0,0,41700,Urban,1
LA100464,Male,No,0,Graduate,No,51600,0,,360.0,671.0,3,399700,Rural,1
LA100465,Male,Yes,0,Graduate,No,58900,7400,59.0,360.0,742.0,0,283000,Urban,1
LA100466,Male,No,3+,Graduate,No,66900,0,119.0,360.0,762.0,3,220700,Urban,0
LA100467,Male,Yes,0,Graduate,No,24800,8300,112.0,360.0,775.0,1,157700,Urban,1
LA100468,Female,No,3+,Graduate,No,46300,0,83.0,300.0,680.0,2,295300,Semiurban,1
LA100469,Male,Yes,0,Not Graduate,No,120300,52100,199.0,300.0,698.0,0,517500,Rural,1
LA100470,Male,Yes,0,Graduate,No,123200,33800,506.0,360.0,744.0,0,462200,Urban,1
LA100471,Male,No,2,Graduate,No,82600,0,305.0,,671.0,0,385500,Rural,1
LA100472,Male,Yes,0,Graduate,No,57800,40100,196.0,300.0,615.0,1,201500,Urban,1
LA100473,Male,Yes,0,Graduate,No,27600,26200,119.0,360.0,640.0,0,123000,Semiurban,0
LA100474,Male,Yes,2,Graduate,No,71300,34400,84.0,480.0,682.0,0,425900,Urban,0
LA100475,Male,Yes,0,Graduate,No,44000,8000,20.0,240.0,750.0,0,185000,Semiurban,1
LA100476,Male,Yes,0,Graduate,Yes,65300,71500,273.0,180.0,789.0,2,273800,Semiurban,1
LA100477,,Yes,3+,Graduate,No,33900,13200,,360.0,598.0,5,156900,Semiurban,0
LA100478,Male,Yes,0,Graduate,No,43600,60200,206.0,120.0,655.0,1,385400,Urban,1
LA100479,Male,No,0,Graduate,No,52500,0,126.0,240.0,673.0,1,137100,Rural,1
LA100480,Male,Yes,0,Graduate,No,55000,43800,265.0,360.0,760.0,0,129700,Rural,0
LA100481,Male,Yes,0,Graduate,No,63000,42200,216.0,360.0,660.0,0,109600,Semiurban,1
LA100482,Male,Yes,0,Graduate,No,34900,51200,83.0,360.0,668.0,2,265300,Semiurban,0
LA100483,Male,Yes,1,Graduate,No,22900,7500,63.0,360.0,594.0,2,60100,Semiurban,1
LA100484,Male,Yes,0,Graduate,No,117300,49700,176.0,360.0,736.0,1,387600,Urban,1
LA100485,Male,No,1,Graduate,No,188700,0,704.0,360.0,688.0,0,333700,Rural,1
LA100486,Male,No,0,Graduate,No,61400,0,115.0,360.0,651.0,2,470100,Urban,1
LA100487,Male,Yes,0,Graduate,No,23200,26800,107.0,360.0,681.0,2,65400,Semiurban,1
LA100488,Male,Yes,0,Not Graduate,Yes,31400,14500,65.0,360.0,765.0,2,140000,Urban,1
LA100489,Male,Yes,1,Graduate,No,63500,18400,238.0,360.0,625.0,1,64700,Urban,1
LA100490,Male,Yes,0,Graduate,No,100400,63700,311.0,360.0,637.0,1,134000,Semiurban,0
LA100491,Male,Yes,0,Graduate,No,24600,3900,81.0,240.0,794.0,2,5000,Semiurban,0
LA100492,Male,No,2,Not Graduate,No,44800,0,96.0,480.0,691.0,0,56100,Rural,1
LA100493,Male,Yes,0,Graduate,No,53500,61400,214.0,360.0,750.0,1,234800,Rural,1
LA100494,Male,Yes,,Graduate,No,77200,39700,230.0,360.0,730.0,2,95700,Urban,1
LA100495,Male,Yes,2,Not Graduate,No,39700,72600,113.0,120.0,682.0,1,158100,Urban,0
LA100496,Male,Yes,0,Graduate,No,20300,16100,81.0,360.0,674.0,0,73400,Urban,1
LA100497,Male,Yes,0,Not Graduate,No,67500,28800,30.0,360.0,747.0,0,204900,Semiurban,1
LA100498,Male,Yes,0,Graduate,No,89100,11500,126.0,360.0,787.0,3,176200,Semiurban,1
LA100499,Male,No,0,Graduate,No,45900,0,90.0,360.0,781.0,4,66200,Rural,1
LA100500,Male,Yes,0,Graduate,No,60000,0,45.0,180.0,611.0,5,96000,Semiurban,0
LA100501,Male,Yes,1,Graduate,Yes,37000,41100,143.0,300.0,793.0,3,193500,Urban,1
LA100502,Female,Yes,0,Not Graduate,No,30100,33100,98.0,360.0,658.0,0,130700,Semiurban,1
LA100503,Female,No,2,Graduate,No,84400,0,94.0,120.0,643.0,1,432400,Semiurban,0
LA100504,Male,Yes,3+,Not Graduate,No,59400,17400,20.0,360.0,672.0,4,140900,Semiurban,1
LA100505,Male,No,1,Graduate,No,62900,0,22.0,300.0,762.0,0,519700,Urban,1
LA100506,Male,No,1,Graduate,No,109700,0,422.0,360.0,741.0,3,836900,Semiurban,1
LA100507,Male,Yes,1,Not Graduate,No,26900,200,129.0,360.0,666.0,2,121100,Semiurban,0
LA100508,Female,No,3+,Graduate,No,35400,0,61.0,300.0,763.0,1,85200,Urban,1
LA100509,Male,Yes,0,Not Graduate,No,52400,71600,227.0,360.0,695.0,0,306000,Semiurban,1
LA100510,Male,No,0,Graduate,No,35200,0,93.0,360.0,657.0,0,376500,Urban,0
LA100511,Male,Yes,0,Graduate,Yes,73800,0,88.0,180.0,642.0,0,447200,Semiurban,0
LA100512,Female,No,0,Graduate,No,43300,0,106.0,360.0,731.0,1,264500,Semiurban,1
LA100513,Male,Yes,0,Graduate,Yes,27800,35300,90.0,360.0,689.0,1,171700,Rural,1
LA100514,Male,Yes,1,Graduate,No,49800,24500,109.0,360.0,597.0,3,362200,Urban,0
LA100515,Male,Yes,,Graduate,No,52700,0,213.0,360.0,764.0,0,38300,Urban,1
LA100516,Male,No,3+,Graduate,No,80300,0,295.0,360.0,664.0,4,170900,Urban,1
LA100517,Male,Yes,0,Graduate,No,59600,25800,247.0,180.0,819.0,1,407000,Semiurban,1
LA100518,Male,Yes,0,Not Graduate,No,61900,68100,103.0,180.0,580.0,2,111800,Urban,0
LA100519,Male,No,0,Graduate,Yes,57200,0,100.0,360.0,,1,127600,Semiurban,0
LA100520,Female,No,0,Graduate,No,43300,0,63.0,360.0,648.0,0,139300,Urban,1
LA100521,Female,Yes,0,Not Graduate,No,32400,0,119.0,360.0,612.0,0,86800,Urban,0
LA100522,Male,Yes,0,Graduate,No,56300,3400,215.0,240.0,663.0,1,36500,Semiurban,1
LA100523,Male,Yes,0,Graduate,No,40000,41900,162.0,360.0,833.0,1,204300,Semiurban,1
LA100524,Male,No,0,Graduate,No,121600,0,205.0,360.0,711.0,1,410400,Rural,0
LA100525,Male,Yes,0,Graduate,No,100400,4900,340.0,300.0,641.0,1,441900,Semiurban,1
LA100526,Male,No,0,Graduate,No,68000,0,197.0,360.0,563.0,1,179600,Semiurban,1
LA100527,Female,Yes,0,Graduate,Yes,59100,0,196.0,360.0,566.0,1,428300,Semiurban,0
LA100528,Female,Yes,0,Graduate,No,45700,22000,75.0,300.0,660.0,0,312800,Semiurban,1
LA100529,Male,Yes,0,Graduate,No,24000,44400,34.0,360.0,652.0,1,221500,Urban,1
LA100530,Male,Yes,0,Graduate,No,42600,16400,20.0,300.0,683.0,2,94400,Semiurban,0
LA100531,Male,No,0,Graduate,Yes,50800,0,215.0,360.0,525.0,2,107700,Semiurban,0
LA100532,Male,Yes,2,Graduate,Yes,54500,1100,81.0,300.0,688.0,0,329300,Urban,1
LA100533,Male,Yes,3+,Graduate,No,62100,11700,132.0,240.0,777.0,0,417600,Semiurban,1
LA100534,Male,No,,Not Graduate,No,79700,0,154.0,120.0,807.0,0,110800,Semiurban,1
LA100535,Male,No,0,Graduate,No,32800,0,62.0,180.0,558.0,1,91400,Semiurban,0
LA100536,Male,No,0,Graduate,Yes,33000,0,139.0,240.0,635.0,3,170600,Urban,1
LA100537,Male,Yes,0,Graduate,No,106600,19100,105.0,360.0,636.0,1,146900,Semiurban,1
LA100538,Male,Yes,2,Graduate,No,73300,0,20.0,120.0,711.0,0,348600,Rural,1
LA100539,Male,No,2,Graduate,No,38700,0,118.0,300.0,609.0,1,104700,Urban,0
LA100540,Female,Yes,2,Graduate,No,45300,55900,161.0,180.0,826.0,1,25100,Urban,1
LA100541,Female,Yes,2,Not Graduate,No,45400,22900,116.0,360.0,688.0,1,312900,Urban,1
LA100542,Male,No,0,Graduate,No,48800,0,90.0,180.0,691.0,1,247000,Urban,0
LA100543,Female,Yes,2,Not Graduate,No,62300,23900,76.0,360.0,804.0,1,408500,Rural,1
LA100544,Female,Yes,2,Graduate,No,193500,25200,316.0,,699.0,0,1147500,Semiurban,1
LA100545,Male,No,0,Graduate,No,53300,0,20.0,360.0,730.0,0,429800,Urban,1
LA100546,Male,Yes,3+,Graduate,No,69100,0,143.0,300.0,644.0,2,335000,Urban,0
LA100547,Male,Yes,0,Graduate,No,19000,30500,130.0,360.0,597.0,2,77300,Rural,0
LA100548,Male,,3+,Not Graduate,Yes,36800,24900,172.0,360.0,634.0,1,75600,Urban,0
LA100549,Male,Yes,2,Not Graduate,No,94400,58700,398.0,180.0,849.0,1,413400,Semiurban,0
LA100550,Male,Yes,0,Not Graduate,No,59900,47200,204.0,360.0,732.0,3,191000,Urban,1
LA100551,Male,No,1,Graduate,No,15000,0,63.0,360.0,721.0,0,70800,Urban,0
LA100552,Male,No,0,Graduate,,69500,0,313.0,360.0,627.0,1,216200,Semiurban,1
LA100553,Male,Yes,2,Graduate,No,137900,20200,468.0,360.0,768.0,0,182100,Urban,1
LA100554,Female,Yes,2,Not Graduate,No,16000,6100,30.0,360.0,583.0,4,125500,Semiurban,0
LA100555,Male,No,1,Graduate,No,110700,0,194.0,180.0,582.0,2,720100,Urban,1
LA100556,Male,Yes,2,Graduate,No,15000,21500,61.0,480.0,658.0,0,10400,Semiurban,0
LA100557,Male,Yes,0,Graduate,No,80400,59800,241.0,240.0,847.0,2,481000,Semiurban,1
LA100558,Male,Yes,0,Graduate,No,47800,33500,126.0,120.0,842.0,0,255200,Semiurban,1
LA100559,Male,No,0,Graduate,Yes,15000,0,45.0,120.0,661.0,2,48800,Urban,0
LA100560,Male,Yes,0,Not Graduate,No,61300,45800,317.0,360.0,634.0,2,219800,Semiurban,1
LA100561,Male,No,0,Not Graduate,Yes,90400,0,213.0,360.0,557.0,3,332200,Rural,0
LA100562,Male,Yes,0,Not Graduate,No,58600,43200,188.0,360.0,691.0,0,5000,Urban,0
LA100563,Female,Yes,0,Graduate,No,66200,57200,180.0,360.0,712.0,2,96400,Urban,1
LA100564,Male,Yes,0,Graduate,No,38300,39400,165.0,360.0,759.0,2,289100,Rural,1
LA100565,Male,Yes,2,Graduate,No,17200,29700,79.0,360.0,768.0,0,26700,Urban,1
LA100566,Male,Yes,,Graduate,No,70200,53300,180.0,360.0,685.0,0,20900,Semiurban,0
LA100567,Male,Yes,2,Graduate,No,125700,24000,369.0,180.0,742.0,2,222300,Semiurban,0
LA100568,Male,Yes,0,Graduate,No,89300,26700,284.0,360.0,647.0,1,321800,Urban,0
LA100569,Male,Yes,0,Graduate,No,16100,63900,123.0,360.0,740.0,1,63300,Semiurban,1
LA100570,,Yes,0,Graduate,No,20900,61700,90.0,360.0,662.0,0,146900,Semiurban,1
LA100571,Male,Yes,0,Graduate,Yes,30100,25800,128.0,360.0,729.0,3,172700,Urban,1
LA100572,Female,No,0,Graduate,Yes,20000,0,20.0,360.0,723.0,1,143300,Rural,0
LA100573,Male,Yes,0,Graduate,No,49200,58200,113.0,300.0,705.0,1,134400,Urban,1
LA100574,Male,No,0,Not Graduate,No,59600,0,20.0,360.0,745.0,2,405200,Urban,1
LA100575,Female,No,0,Graduate,No,21900,0,52.0,360.0,582.0,2,81200,Rural,0
LA100576,Male,Yes,0,Not Graduate,No,73600,18900,143.0,360.0,605.0,2,332600,Urban,1
LA100577,Female,No,0,Graduate,No,66800,0,148.0,120.0,680.0,1,51800,Rural,0
LA100578,Male,No,2,Graduate,No,35500,0,110.0,240.0,592.0,3,75800,Urban,1
LA100579,Female,Yes,0,Graduate,No,43700,11400,84.0,360.0,669.0,0,65000,Semiurban,0
LA100580,Male,Yes,3+,Not Graduate,Yes,16400,28800,61.0,360.0,652.0,3,60100,Urban,0
LA100581,Male,Yes,2,Graduate,,40000,31800,67.0,480.0,798.0,0,267000,Semiurban,1
LA100582,Male,Yes,3+,Graduate,No,48200,17700,174.0,360.0,711.0,0,213200,Semiurban,1
LA100583,Male,Yes,2,Graduate,Yes,52700,45900,189.0,300.0,772.0,1,438200,Rural,1
LA100584,Male,No,0,Graduate,No,59100,0,,240.0,723.0,0,306200,Rural,1
LA100585,Female,No,0,Graduate,No,54900,0,106.0,360.0,660.0,0,349000,Semiurban,1
LA100586,Male,Yes,0,Graduate,Yes,41500,19900,149.0,300.0,705.0,1,86100,Semiurban,1
LA100587,Male,No,,Graduate,Yes,56200,0,29.0,360.0,750.0,1,251700,Semiurban,1
LA100588,Male,Yes,1,Graduate,No,83300,27700,139.0,360.0,790.0,0,184000,Rural,1
LA100589,Male,No,0,Graduate,No,45500,0,62.0,360.0,690.0,2,276200,Semiurban,0
LA100590,,Yes,3+,Graduate,No,57200,40800,61.0,360.0,576.0,2,413500,Rural,1
LA100591,Female,No,0,Not Graduate,No,43300,0,85.0,120.0,556.0,3,42100,Urban,0
LA100592,Male,No,0,Not Graduate,No,33600,0,36.0,300.0,661.0,1,205600,Semiurban,1
LA100593,Male,Yes,1,Graduate,No,64000,58100,229.0,360.0,525.0,1,285900,Semiurban,1
LA100594,Male,Yes,0,Graduate,No,35400,41600,153.0,360.0,835.0,0,147000,Urban,0
LA100595,Male,No,1,Graduate,No,59400,0,142.0,240.0,745.0,1,66600,Urban,1
LA100596,Male,Yes,2,Graduate,No,48800,29600,159.0,180.0,652.0,1,312000,Rural,0
LA100597,Male,Yes,0,Graduate,No,40600,3900,34.0,180.0,617.0,1,239300,Semiurban,1
LA100598,Male,No,0,Graduate,No,40100,0,59.0,360.0,777.0,1,142000,Urban,1
LA100599,Female,Yes,0,Not Graduate,No,36300,6800,145.0,360.0,601.0,0,166100,Urban,1
LA100600,Male,Yes,1,Graduate,No,19400,25000,96.0,360.0,624.0,1,62800,Semiurban,0
LA100601,Male,Yes,0,Not Graduate,No,59300,0,109.0,360.0,628.0,1,477600,Semiurban,1
LA100602,Male,Yes,3+,Graduate,No,54500,14000,59.0,240.0,709.0,3,70700,Rural,0
LA100603,Female,No,2,Graduate,No,76600,0,189.0,360.0,747.0,1,90200,Rural,0
LA100604,Male,Yes,0,Graduate,No,35800,21300,111.0,180.0,789.0,2,88800,Semiurban,1
LA100605,Female,Yes,0,Graduate,No,136100,11400,277.0,480.0,778.0,0,910200,Semiurban,1
LA100606,Male,Yes,1,Graduate,No,39000,18500,115.0,180.0,700.0,3,235900,Urban,1
LA100607,Female,No,1,Graduate,No,29700,0,44.0,360.0,777.0,3,5000,Rural,1
LA100608,Male,Yes,0,Graduate,No,27800,40600,132.0,120.0,650.0,2,97800,Urban,0
LA100609,Male,No,0,Graduate,Yes,18500,0,104.0,360.0,558.0,2,113900,Urban,1
LA100610,Male,No,0,Graduate,No,111500,0,305.0,240.0,650.0,1,356600,Rural,0
LA100611,Male,No,3+,Graduate,No,102000,0,,480.0,640.0,0,52700,Rural,0
LA100612,Male,No,0,Not Graduate,No,66800,0,100.0,180.0,638.0,1,593500,Urban,1
LA100613,Female,No,2,Graduate,,29300,0,71.0,360.0,628.0,3,74500,Semiurban,1
LA100614,Female,No,0,Graduate,No,130000,0,262.0,360.0,665.0,0,604600,Semiurban,1
LA100615,Male,Yes,3+,Graduate,No,39600,16800,153.0,300.0,747.0,2,51900,Urban,1
LA100616,Male,No,0,Graduate,No,41400,0,48.0,300.0,829.0,1,222100,Urban,1
LA100617,Male,Yes,0,Not Graduate,,105800,25100,412.0,360.0,556.0,2,642000,Urban,0
LA100618,Male,Yes,3+,Graduate,No,69000,28600,259.0,360.0,603.0,1,247400,Semiurban,1
LA100619,Male,No,3+,Graduate,No,161100,0,176.0,360.0,641.0,0,869200,Semiurban,1
LA100620,Male,No,0,Graduate,No,55000,0,76.0,240.0,757.0,2,382900,Semiurban,1
LA100621,Male,No,0,Graduate,No,38600,0,92.0,360.0,685.0,1,240600,Urban,1
LA100622,Male,Yes,0,Graduate,No,34300,35900,177.0,300.0,646.0,1,92100,Rural,0
LA100623,Female,Yes,0,Graduate,No,17400,75100,75.0,240.0,754.0,2,59100,Semiurban,1
LA100624,Male,Yes,0,Graduate,No,41200,53500,78.0,360.0,772.0,2,339200,Rural,1
LA100625,Female,Yes,2,Graduate,No,90100,57900,369.0,360.0,699.0,1,7800,Urban,1
LA100626,Male,Yes,0,Graduate,No,66700,87600,288.0,300.0,639.0,3,58600,Semiurban,1
LA100627,Male,Yes,1,Graduate,No,48500,42700,,360.0,720.0,1,154300,Rural,1
LA100628,Male,Yes,0,Not Graduate,No,27800,29600,,360.0,668.0,0,179100,Urban,1
LA100629,Male,No,0,Graduate,Yes,54400,0,128.0,360.0,677.0,0,68600,Urban,1
LA100630,Female,Yes,1,Graduate,No,83800,13700,170.0,120.0,662.0,0,258200,Urban,1
LA100631,Female,No,0,Not Graduate,No,60800,0,106.0,360.0,754.0,1,277900,Urban,1
LA100632,Female,Yes,1,Graduate,No,52600,11700,85.0,360.0,719.0,0,98100,Semiurban,1
LA100633,Male,Yes,0,Graduate,No,31000,34800,,360.0,778.0,1,44400,Urban,1
LA100634,Male,Yes,3+,Graduate,No,77300,11700,167.0,120.0,800.0,0,234500,Urban,0
LA100635,Male,Yes,1,Not Graduate,No,15000,10900,51.0,360.0,719.0,0,27100,Semiurban,1
LA100636,Male,No,2,Graduate,No,59300,0,147.0,360.0,662.0,0,420500,Urban,1
LA100637,Male,Yes,0,Graduate,,197300,23000,626.0,360.0,778.0,3,340000,Urban,1
LA100638,Male,Yes,0,Graduate,No,20900,0,82.0,360.0,735.0,2,188300,Semiurban,0
LA100639,Male,No,0,Graduate,No,42000,0,154.0,360.0,850.0,1,243300,Urban,1
LA100640,Female,No,0,Graduate,No,47800,0,129.0,360.0,723.0,0,73900,Urban,1
LA100641,Male,Yes,0,Graduate,No,37200,6600,32.0,480.0,752.0,0,92400,Urban,0
LA100642,Female,Yes,0,Not Graduate,No,84900,35100,109.0,,707.0,0,377000,Urban,1
LA100643,Male,Yes,0,Graduate,No,62200,30800,115.0,300.0,693.0,1,180700,Semiurban,1
LA100644,Male,Yes,0,Graduate,No,52200,49400,,360.0,681.0,2,41000,Urban,1
LA100645,Male,Yes,,Graduate,Yes,74400,42600,349.0,360.0,717.0,0,637300,Urban,1
LA100646,Female,Yes,0,Not Graduate,No,48400,49600,213.0,360.0,724.0,1,150400,Rural,1
LA100647,Male,No,0,Graduate,No,250000,0,227.0,360.0,787.0,3,1921800,Rural,1
LA100648,Male,Yes,1,Graduate,No,52200,30600,244.0,360.0,723.0,2,111800,Urban,1
LA100649,Male,Yes,,Not Graduate,No,53400,50200,220.0,360.0,650.0,0,61100,Urban,0
LA100650,Male,,0,Graduate,No,18700,46200,118.0,360.0,675.0,0,105400,Semiurban,1
LA100651,Male,No,0,Not Graduate,No,35600,0,111.0,360.0,586.0,3,175200,Rural,0
LA100652,Female,Yes,2,Graduate,No,90200,54000,307.0,180.0,825.0,2,231600,Rural,1
LA100653,Male,No,0,Graduate,No,23000,0,20.0,360.0,659.0,0,7300,Urban,0
LA100654,Male,No,1,Not Graduate,No,15000,0,20.0,360.0,758.0,3,5000,Urban,0
LA100655,Female,Yes,3+,Graduate,No,48900,19300,228.0,300.0,721.0,3,304700,Semiurban,1
LA100656,Male,Yes,0,Graduate,No,102000,51400,111.0,360.0,723.0,3,260200,Rural,1
LA100657,Female,Yes,2,Graduate,No,49100,60600,108.0,360.0,691.0,2,432800,Rural,1
LA100658,Male,Yes,2,Graduate,No,39900,0,115.0,360.0,641.0,1,104300,Urban,1
LA100659,Male,No,0,Graduate,No,17300,0,103.0,360.0,627.0,0,5000,Semiurban,0
LA100660,Male,Yes,0,Graduate,No,61600,200,245.0,180.0,830.0,1,222400,Urban,1
LA100661,Male,No,,Graduate,No,69100,0,272.0,360.0,709.0,0,286600,Semiurban,1
LA100662,Female,Yes,3+,Graduate,No,18000,20800,20.0,300.0,784.0,2,128000,Rural,0
LA100663,Male,Yes,0,Graduate,No,89600,19000,246.0,360.0,804.0,0,615700,Semiurban,1
LA100664,Male,Yes,0,Not Graduate,No,73100,0,140.0,360.0,654.0,1,90000,Urban,1
LA100665,Male,No,0,Graduate,Yes,89500,0,247.0,180.0,727.0,1,358600,Semiurban,0
LA100666,Male,No,0,Graduate,No,66200,0,20.0,180.0,703.0,0,414200,Semiurban,1
LA100667,Female,Yes,2,Graduate,No,68800,49200,195.0,480.0,613.0,1,32200,Rural,0
LA100668,Female,Yes,0,Graduate,No,63900,16500,218.0,360.0,686.0,1,269800,Urban,1
LA100669,Male,No,1,Graduate,No,77400,0,217.0,120.0,744.0,0,122100,Rural,1
LA100670,Male,Yes,2,Graduate,No,17700,25300,91.0,360.0,663.0,0,59300,Urban,0
LA100671,Male,No,1,Graduate,No,21000,0,78.0,360.0,676.0,1,150500,Urban,1
LA100672,Male,Yes,1,Not Graduate,No,32000,0,77.0,180.0,672.0,0,41500,Urban,1
LA100673,Female,Yes,2,Not Graduate,No,44700,4900,31.0,360.0,843.0,0,320400,Urban,1
LA100674,Male,Yes,2,Graduate,No,59400,26100,25.0,360.0,562.0,2,266400,Urban,1
LA100675,Male,Yes,2,Not Graduate,Yes,57400,2100,126.0,300.0,718.0,3,429300,Semiurban,0
LA100676,Male,Yes,0,Not Graduate,No,88700,20300,220.0,360.0,666.0,0,489300,Urban,1
LA100677,Female,Yes,0,Graduate,No,90300,23200,170.0,300.0,652.0,2,225900,Urban,0
LA100678,Male,No,0,Graduate,Yes,29700,0,49.0,300.0,674.0,1,69600,Urban,0
LA100679,Male,Yes,2,Graduate,No,54700,27400,56.0,300.0,750.0,3,240500,Urban,1
LA100680,Male,Yes,1,Graduate,No,30100,39800,160.0,360.0,754.0,2,162800,Rural,0
LA100681,Male,Yes,0,Graduate,No,43300,20800,158.0,360.0,714.0,2,62600,Rural,0
LA100682,Male,Yes,0,Graduate,Yes,57300,16000,116.0,360.0,777.0,1,515300,Urban,1
LA100683,Male,Yes,0,Graduate,No,15000,22400,27.0,300.0,795.0,0,43400,Semiurban,1
LA100684,Male,Yes,1,Not Graduate,No,180800,25800,182.0,360.0,746.0,0,933600,Semiurban,1
LA100685,Male,Yes,0,Graduate,Yes,65500,0,91.0,360.0,654.0,0,329200,Rural,0
LA100686,Male,Yes,0,Graduate,No,34600,36200,35.0,360.0,,2,201800,Urban,1
LA100687,Male,No,2,Graduate,Yes,138600,0,88.0,120.0,732.0,1,710100,Urban,1
LA100688,Female,Yes,2,Graduate,No,39700,53800,84.0,360.0,639.0,0,186400,Semiurban,0
LA100689,Male,No,0,Graduate,Yes,51600,0,248.0,300.0,577.0,3,120800,Rural,1
LA100690,Male,Yes,0,Not Graduate,No,36700,51700,180.0,360.0,533.0,3,255800,Semiurban,0
LA100691,Male,Yes,3+,Not Graduate,No,119100,3800,359.0,360.0,690.0,1,345900,Semiurban,0
LA100692,Female,No,1,Not Graduate,No,45300,0,92.0,120.0,707.0,1,219300,Urban,1
LA100693,Male,Yes,1,Not Graduate,No,52100,0,123.0,480.0,596.0,2,256900,Semiurban,1
LA100694,Male,No,0,Not Graduate,No,93100,0,321.0,360.0,763.0,2,196800,Rural,0
LA100695,Female,Yes,0,Graduate,Yes,66200,53500,100.0,360.0,,0,425100,Semiurban,1
LA100696,Male,Yes,0,Graduate,No,46600,58700,188.0,360.0,801.0,1,149200,Semiurban,1
LA100697,Male,No,1,Graduate,No,88400,0,380.0,360.0,728.0,0,388500,Semiurban,1
LA100698,Male,Yes,0,Graduate,No,193900,15900,555.0,360.0,620.0,1,1083800,Semiurban,0
LA100699,Male,Yes,0,Graduate,No,57200,24300,91.0,240.0,734.0,0,359200,Semiurban,1
LA100700,Male,No,1,Graduate,No,51200,0,178.0,360.0,750.0,1,303600,Semiurban,1
LA100701,Male,No,3+,Not Graduate,No,52700,0,,360.0,644.0,2,107200,Rural,0
LA100702,Male,No,2,Graduate,No,98700,0,95.0,360.0,592.0,1,90000,Semiurban,1
LA100703,Male,Yes,0,Not Graduate,No,34500,36800,20.0,360.0,693.0,1,264900,Urban,1
LA100704,Female,Yes,0,Graduate,No,41200,0,184.0,240.0,625.0,2,99700,Urban,0
LA100705,Male,No,0,Graduate,No,20600,0,99.0,480.0,784.0,2,71100,Urban,1
LA100706,Male,Yes,0,Graduate,No,25000,29600,105.0,120.0,669.0,2,38300,Urban,1
LA100707,Male,No,0,Graduate,No,36100,0,20.0,120.0,829.0,0,106200,Urban,1
LA100708,Male,Yes,0,Graduate,Yes,46500,22900,182.0,360.0,536.0,1,309100,Semiurban,1
LA100709,Male,Yes,1,Graduate,No,127000,18000,510.0,360.0,710.0,1,127300,Urban,1
LA100710,Male,No,2,Not Graduate,No,64500,0,59.0,240.0,792.0,2,226700,Urban,1
LA100711,Female,Yes,3+,Graduate,No,29100,32300,20.0,360.0,633.0,1,218600,Semiurban,1
LA100712,Male,Yes,0,Graduate,No,32200,11800,159.0,360.0,688.0,2,257000,Urban,0
LA100713,Female,Yes,0,Graduate,Yes,102200,26800,377.0,180.0,665.0,2,176500,Semiurban,0
LA100714,Female,No,0,Graduate,No,89200,0,293.0,480.0,649.0,1,597500,Rural,0
LA100715,Male,No,,Graduate,No,48700,0,75.0,360.0,718.0,4,117600,Semiurban,1
LA100716,Male,Yes,0,Graduate,No,37600,43300,85.0,360.0,603.0,1,303200,Urban,0
LA100717,Male,Yes,0,Graduate,No,89100,52700,222.0,180.0,692.0,1,28400,Urban,1
LA100718,Male,No,2,Graduate,No,27800,0,20.0,360.0,739.0,0,125500,Semiurban,0
LA100719,Male,Yes,0,Graduate,No,59600,14500,292.0,360.0,684.0,0,148000,Semiurban,0
LA100720,Female,Yes,2,Graduate,No,167500,20800,174.0,180.0,625.0,0,963300,Urban,1
LA100721,Male,Yes,0,Graduate,No,53700,22800,165.0,240.0,777.0,0,107400,Semiurban,1
LA100722,Male,Yes,0,Graduate,Yes,31300,3800,109.0,300.0,750.0,0,106700,Semiurban,0
LA100723,Male,No,0,Graduate,No,60200,0,247.0,120.0,622.0,2,394300,Urban,1
LA100724,Female,No,0,Graduate,Yes,37100,0,72.0,480.0,598.0,2,46800,Semiurban,0
LA100725,Male,No,0,Graduate,No,22300,0,95.0,360.0,629.0,1,160600,Urban,0
LA100726,Male,Yes,3+,Graduate,No,70600,40100,43.0,360.0,741.0,1,281400,Urban,1
LA100727,Male,Yes,0,Graduate,No,88800,30900,186.0,480.0,,0,166100,Rural,1
LA100728,Male,Yes,0,Graduate,No,40500,41800,34.0,360.0,759.0,2,84900,Urban,0
LA100729,Male,Yes,0,Graduate,No,39000,0,120.0,360.0,676.0,1,173800,Semiurban,1
LA100730,Male,Yes,0,Not Graduate,Yes,28300,22800,178.0,360.0,611.0,1,106200,Semiurban,0
LA100731,Male,Yes,1,Graduate,No,44200,24700,66.0,360.0,769.0,0,239400,Urban,1
LA100732,Male,Yes,0,Not Graduate,No,35200,39700,59.0,300.0,643.0,1,29200,Rural,0
LA100733,Male,Yes,2,Graduate,No,27500,12200,20.0,360.0,714.0,1,120800,Urban,1
LA100734,Male,No,0,Graduate,No,135900,0,193.0,360.0,584.0,3,511700,Urban,1
LA100735,Male,Yes,0,Graduate,No,62000,2200,232.0,240.0,657.0,1,393100,Rural,0
LA100736,Male,Yes,1,Graduate,No,65800,24700,94.0,360.0,776.0,3,205800,Semiurban,1
LA100737,Male,No,2,Not Graduate,No,78000,0,193.0,360.0,631.0,2,413700,Semiurban,0
LA100738,Male,No,0,Graduate,No,73400,0,,360.0,761.0,6,555400,Urban,0
LA100739,Male,No,0,Graduate,No,38200,0,85.0,240.0,525.0,2,71800,Urban,1
LA100740,Male,Yes,0,Graduate,No,55800,27800,142.0,360.0,658.0,0,347300,Semiurban,0
LA100741,Male,No,0,Graduate,No,41400,0,146.0,360.0,687.0,0,346200,Urban,0
LA100742,Male,Yes,0,Graduate,No,61100,50300,135.0,360.0,831.0,1,295000,Urban,1
LA100743,Female,Yes,1,Not Graduate,No,57900,13000,106.0,360.0,597.0,1,472900,Semiurban,1
LA100744,Male,Yes,0,Graduate,No,38900,22900,65.0,300.0,750.0,0,156200,Urban,1
LA100745,Male,Yes,1,Not Graduate,No,23100,2000,109.0,120.0,764.0,3,150200,Urban,0
LA100746,Male,Yes,0,Graduate,Yes,52000,57200,136.0,,641.0,0,142800,Urban,0
LA100747,Male,Yes,2,Graduate,No,42900,34600,167.0,240.0,672.0,1,62300,Semiurban,0
LA100748,Male,No,2,Graduate,No,17000,0,89.0,360.0,711.0,3,142600,Semiurban,1
LA100749,Male,Yes,0,Not Graduate,Yes,63500,23500,250.0,,569.0,1,222800,Rural,0
LA100750,Female,Yes,0,Graduate,No,81600,37200,196.0,240.0,666.0,1,680200,Urban,1
LA100751,Male,Yes,0,Graduate,No,192800,20500,556.0,360.0,796.0,2,1015700,Urban,1
LA100752,Male,Yes,2,Graduate,Yes,38700,14200,50.0,360.0,734.0,0,374900,Semiurban,1
LA100753,Male,Yes,0,Graduate,Yes,35700,11600,152.0,360.0,683.0,1,192700,Urban,0
LA100754,Male,Yes,0,Graduate,No,26100,33500,133.0,180.0,708.0,2,149700,Semiurban,1
LA100755,Male,Yes,0,Graduate,No,53800,18100,222.0,240.0,744.0,1,402400,Rural,0
LA100756,Male,No,2,Graduate,No,53600,0,95.0,480.0,758.0,3,410600,Semiurban,1
LA100757,Male,No,0,Graduate,Yes,30700,0,83.0,180.0,653.0,1,146100,Semiurban,0
LA100758,Female,Yes,0,Graduate,Yes,43600,27700,162.0,360.0,810.0,1,204200,Rural,1
LA100759,Male,Yes,3+,Not Graduate,No,16200,22000,,360.0,784.0,0,21000,Urban,1
LA100760,Male,No,0,Graduate,No,79900,0,343.0,300.0,751.0,1,18000,Rural,1
LA100761,Male,No,2,Not Graduate,No,31400,0,43.0,360.0,622.0,0,63900,Semiurban,0
LA100762,Male,Yes,0,Not Graduate,No,47100,42500,117.0,240.0,608.0,0,164100,Semiurban,1
LA100763,Male,No,0,Graduate,No,21900,0,20.0,300.0,676.0,2,18400,Rural,1
LA100764,Male,No,2,Graduate,,34800,0,62.0,360.0,705.0,0,162400,Semiurban,1
LA100765,Female,No,1,Graduate,No,41200,0,176.0,480.0,567.0,1,239600,Semiurban,0
LA100766,Male,Yes,1,Graduate,No,47700,13500,120.0,300.0,737.0,0,218600,Urban,1
LA100767,Male,Yes,0,Graduate,No,62500,3000,120.0,240.0,797.0,1,383900,Semiurban,1
LA100768,Male,Yes,0,Graduate,No,105900,13000,238.0,480.0,743.0,0,832900,Semiurban,1
LA100769,Male,Yes,0,Graduate,No,71800,26400,318.0,240.0,649.0,0,536800,Urban,0
LA100770,Male,Yes,0,Graduate,No,81500,8700,142.0,360.0,,2,449000,Semiurban,0
LA100771,Male,Yes,0,Not Graduate,,106300,28100,337.0,360.0,702.0,2,239200,Semiurban,1
LA100772,Male,Yes,0,Graduate,No,65700,4800,208.0,360.0,689.0,2,560600,Semiurban,1
LA100773,Male,Yes,0,Graduate,No,47000,0,145.0,360.0,733.0,2,125000,Urban,1
LA100774,Female,No,0,Not Graduate,No,83600,0,130.0,360.0,730.0,0,243900,Semiurban,1
LA100775,Male,Yes,0,Graduate,No,86600,15600,304.0,180.0,782.0,2,373600,Urban,1
LA100776,Female,Yes,0,Graduate,No,68600,7600,85.0,480.0,615.0,0,259100,Urban,0
LA100777,Male,No,2,Not Graduate,No,21600,0,89.0,480.0,702.0,0,33300,Semiurban,1
LA100778,Male,No,1,Graduate,No,30200,0,76.0,360.0,673.0,2,17800,Urban,1
LA100779,Male,No,0,Graduate,No,41300,0,71.0,360.0,693.0,2,281800,Urban,0
LA100780,Female,No,1,Graduate,No,73700,0,250.0,360.0,765.0,0,130600,Semiurban,1
LA100781,Male,No,2,Not Graduate,No,47400,0,190.0,360.0,758.0,0,157200,Urban,1
LA100782,Female,Yes,0,Graduate,No,89700,49600,123.0,120.0,805.0,1,250700,Rural,1
LA100783,Male,Yes,0,Graduate,No,98900,0,355.0,360.0,732.0,0,268300,Rural,1
LA100784,Male,Yes,0,Graduate,No,92800,69300,,,692.0,2,553900,Semiurban,1
LA100785,Female,Yes,,Graduate,No,93200,79800,297.0,360.0,681.0,2,67200,Rural,0
LA100786,Male,No,2,Graduate,No,27100,0,171.0,360.0,570.0,2,87200,Rural,0
LA100787,Female,Yes,3+,Graduate,No,62600,23900,229.0,360.0,800.0,0,22300,Urban,1
LA100788,Male,Yes,0,Not Graduate,No,34400,10200,84.0,360.0,661.0,0,206400,Semiurban,0
LA100789,Male,Yes,1,Graduate,Yes,19400,20200,60.0,360.0,733.0,2,175600,Urban,1
LA100790,Male,Yes,0,Graduate,Yes,41000,16800,160.0,480.0,746.0,1,215400,Semiurban,0
LA100791,Male,Yes,1,Graduate,Yes,99500,43900,389.0,360.0,602.0,0,534800,Semiurban,1
LA100792,Male,Yes,2,Graduate,No,61800,23500,232.0,120.0,631.0,0,415000,Urban,1
LA100793,Male,No,0,Graduate,No,145600,0,251.0,120.0,816.0,1,305800,Urban,0
LA100794,Male,Yes,0,Graduate,No,52900,22200,50.0,360.0,722.0,1,65000,Rural,1
LA100795,Male,No,1,Graduate,No,184500,0,703.0,360.0,656.0,1,814100,Urban,0
LA100796,,No,3+,Graduate,No,52900,0,131.0,360.0,691.0,1,95100,Urban,1
LA100797,Male,Yes,0,Graduate,No,48600,0,112.0,240.0,781.0,1,242500,Urban,1
LA100798,Male,Yes,0,Graduate,No,23700,69800,141.0,120.0,770.0,0,170000,Semiurban,1
LA100799,Male,No,0,Graduate,No,88400,0,139.0,360.0,590.0,2,230500,Rural,0
LA100800,Male,Yes,0,Not Graduate,No,36400,23000,43.0,360.0,808.0,1,210500,Semiurban,1
